min_support,FP_Time,AP_Time,FP_Rules,AP_Rules
0.05,1.4724674224853516,0.10005617141723633,0,0
0.03,1.9392621517181396,0.45761799812316895,21,21
